time,vx,error_vx,duty_cycle
0.0,0.06999999999999999,0.5,1.0
0.01,0.1264349475609756,0.43,1.0
0.02,0.1821187769095949,0.3735650524390244,1.0
0.03,0.2370609520611342,0.3178812230904051,1.0
0.04,0.29127083226831,0.2629390479388658,1.0
0.05,0.3447576727798153,0.20872916773168998,1.0
0.06,0.39753062560541796,0.15524232722018472,1.0
0.07,0.4495987402871501,0.10246937439458204,1.0
0.08,0.5009709646761273,0.05040125971284992,1.0
0.09,0.4883153939035403,-0.0009709646761273394,0.0
0.1,0.5391698702105852,0.011684606096459715,1.0
0.11,0.5265109076612852,-0.039169870210585156,0.0
0.12,0.5138530967326119,-0.026510907661285166,0.0
0.13,0.5011964099638906,-0.013853096732611925,0.0
0.14,0.48854081990426224,-0.0011964099638905878,0.0
0.15,0.5393922808966447,0.011459180095737764,1.0
0.16,0.5267332978694638,-0.039392280896644705,0.0
0.17,0.5140754669454444,-0.026733297869463768,0.0
0.18,0.501418760663737,-0.01407546694544437,0.0
0.19,0.4887631515733124,-0.0014187606637370287,0.0
0.2,0.5396116386325409,0.011236848426687596,1.0
0.21,0.526952635400299,-0.03961163863254091,0.0
0.22,0.5142947847471321,-0.02695263540029902,0.0
0.23,0.5016380592120183,-0.014294784747132083,0.0
0.24,0.4889824313437604,-0.0016380592120183168,0.0
0.25,0.5398279852841038,0.011017568656239596,1.0
0.26,0.5271689621161054,-0.039827985284103806,0.0
0.27,0.5145110919965649,-0.027168962116105422,0.0
0.28,0.5018543474642904,-0.014511091996564862,0.0
0.29,0.48919870106791863,-0.0018543474642903623,0.0
0.3,0.5400413621441635,0.010801298932081371,1.0
0.31,0.5273823193062394,-0.04004136214416354,0.0
0.32,0.5147244299797148,-0.027382319306239356,0.0
0.33,0.5020676667032303,-0.014724429979714793,0.0
0.34,0.4894120020252591,-0.002067666703230331,0.0
0.35000000000000003,0.5402518099403613,0.010587997974740915,1.0
0.36,0.5275927476949099,-0.04025180994036126,0.0
0.37,0.5149348394174472,-0.027592747694909936,0.0
0.38,0.5022780576464482,-0.014934839417447221,0.0
0.39,0.48962237493022437,-0.0022780576464481728,0.0
0.4,0.5404593688428564,0.010377625069775631,1.0
0.41000000000000003,0.5278002874488857,-0.04045936884285639,0.0
0.42,0.515142360473227,-0.02780028744888574,0.0
0.43,0.5024855604541919,-0.015142360473227034,0.0
0.44,0.4898298599399327,-0.002485560454191904,0.0
0.45,0.5406640784719284,0.010170140060067279,1.0
0.46,0.5280049781850962,-0.04066407847192843,0.0
0.47000000000000003,0.5153470327607191,-0.028004978185096174,0.0
0.48,0.5026902147369481,-0.015347032760719137,0.0
0.49,0.490034496661778,-0.0026902147369480822,0.0
0.5,0.540865977905476,0.009965503338221993,1.0
0.51,0.5282068589781298,-0.04086597790547597,0.0
0.52,0.5155488953512871,-0.0282068589781298,0.0
0.53,0.5028920595629397,-0.015548895351287118,0.0
0.54,0.4902363241609275,-0.0028920595629396972,0.0
0.55,0.5410651056864141,0.009763675839072505,1.0
0.56,0.5284059683676319,-0.04106510568641408,0.0
0.5700000000000001,0.5157479867813899,-0.028405968367631873,0.0
0.58,0.503091133465523,-0.01574798678138989,0.0
0.59,0.49043538096771816,-0.0030911334655230327,0.0
0.6,0.5412614998299724,0.00956461903228184,1.0
0.61,0.5286023443656018,-0.0412614998299724,0.0
0.62,0.5159443450598789,-0.02860234436560183,0.0
0.63,0.5032874744504838,-0.01594434505987885,0.0
0.64,0.49063170508495246,-0.0032874744504838294,0.0
0.65,0.5414551978308935,0.009368294915047537,1.0
0.66,0.528796024463591,-0.041455197830893464,0.0
0.67,0.5161380076751956,-0.028796024463590975,0.0
0.68,0.503481120003235,-0.016138007675195576,0.0
0.6900000000000001,0.490825333995096,-0.003481120003234972,0.0
0.7000000000000001,0.5416462366705339,0.00917466600490402,1.0
0.71,0.5289870456398035,-0.04164623667053391,0.0
0.72,0.516329011602472,-0.028987045639803477,0.0
0.73,0.5036721070959165,-0.01632901160247202,0.0
0.74,0.49101630466737667,-0.003672107095916477,0.0
0.75,0.5418346528238696,0.008983695332623332,1.0
0.76,0.5291754443661012,-0.041834652823869556,0.0
0.77,0.5165173933105348,-0.0291754443661012,0.0
0.78,0.5038604721943989,-0.01651739331053481,0.0
0.79,0.49120465356478815,-0.0038604721943988896,0.0
0.8,0.5420204822664052,0.008795346435211848,1.0
0.81,0.5293612566149128,-0.0420204822664052,0.0
0.8200000000000001,0.5167031887688148,-0.029361256614912845,0.0
0.8300000000000001,0.504046251265193,-0.016703188768814825,0.0
0.84,0.4913904166509991,-0.004046251265192979,0.0
0.85,0.5422037604809915,0.008609583349000915,1.0
0.86,0.5295445178660505,-0.0422037604809915,0.0
0.87,0.5168864334541625,-0.0295445178660505,0.0
0.88,0.5042294797822647,-0.01688643345416252,0.0
0.89,0.49157362939716753,-0.004229479782264733,0.0
0.9,0.5423845224645487,0.008426370602832467,1.0
0.91,0.5297252631134333,-0.04238452246454871,0.0
0.92,0.5170671623575716,-0.029725263113433265,0.0
0.93,0.5044101927337579,-0.017067162357571553,0.0
0.9400000000000001,0.49175432678866354,-0.004410192733757867,0.0
0.9500000000000001,0.5425628027346995,0.008245673211336457,1.0
0.96,0.5299035268717193,-0.04256280273469948,0.0
0.97,0.5172454099908103,-0.029903526871719266,0.0
0.98,0.5045884246286262,-0.017245409990810256,0.0
0.99,0.4919325433317008,-0.0045884246286261865,0.0
1.0,0.5427386353363121,0.008067456668299222,1.0
1.01,0.5300793431828486,-0.04273863533631206,0.0
1.02,0.5174212103929646,-0.03007934318284855,0.0
1.03,0.504764209503175,-0.017421210392964626,0.0
1.04,0.49210831305987784,-0.004764209503175021,0.0
1.05,0.5429120538479542,0.007891686940122156,1.0
1.06,0.5302527456224969,-0.04291205384795416,0.0
1.07,0.517594597136891,-0.030252745622496913,0.0
1.08,0.5049375809275143,-0.017594597136891044,0.0
1.09,0.49228166954063096,-0.004937580927514285,0.0
1.1,0.5430830913882596,0.007718330459369038,1.0
1.11,0.5304237673064418,-0.04308309138825961,0.0
1.12,0.5177656033355825,-0.030423767306441807,0.0
1.1300000000000001,0.5051085720119242,-0.017765603335582525,0.0
1.1400000000000001,0.4924526458815993,-0.005108572011924162,0.0
1.1500000000000001,0.5432517806222091,0.007547354118400684,1.0
1.16,0.5305924408968428,-0.043251780622209135,0.0
1.17,0.5179342616484481,-0.030592440896842765,0.0
1.18,0.5052772154131344,-0.017934261648448135,0.0
1.19,0.4926212747369038,-0.005277215413134417,0.0
1.2,0.5434181537673247,0.007378725263096186,1.0
1.21,0.5307587986084356,-0.04341815376732472,0.0
1.22,0.5181006042875075,-0.030758798608435556,0.0
1.23,0.505443543340518,-0.018100604287507482,0.0
1.24,0.4927875883133408,-0.005443543340517998,0.0
1.25,0.5435822425997809,0.007212411686659204,1.0
1.26,0.5309228722146433,-0.04358224259978094,0.0
1.27,0.5182646630235008,-0.030922872214643293,0.0
1.28,0.5056075875622011,-0.018264663023500827,0.0
1.29,0.4929516183764914,-0.005607587562201144,0.0
1.3,0.5437440784604328,0.007048381623508626,1.0
1.31,0.5310846930536033,-0.04374407846043282,0.0
1.32,0.5184264691919158,-0.031084693053603285,0.0
1.33,0.50576937941109,-0.018426469191915817,0.0
1.34,0.49311339625674794,-0.005769379411090014,0.0
1.35,0.5439036922607622,0.006886603743252062,1.0
1.36,0.5312442920341136,-0.043903692260762184,0.0
1.37,0.518586053698934,-0.031244292034113608,0.0
1.3800000000000001,0.5059289497908165,-0.018586053698933958,0.0
1.3900000000000001,0.49327295285525974,-0.0059289497908164845,0.0
1.4000000000000001,0.5440611144887431,0.006727047144740261,1.0
1.41,0.5314016996414981,-0.04406111448874306,0.0
1.42,0.5187434470272948,-0.03140169964149808,0.0
1.43,0.5060863291816017,-0.0187434470272948,0.0
1.44,0.4934303186497957,-0.00608632918160168,0.0
1.45,0.5442163752146272,0.006569681350204304,1.0
1.46,0.5315569459433911,-0.04421637521462718,0.0
1.47,0.5188986792420806,-0.03155694594339109,0.0
1.48,0.5062415476460411,-0.01889867924208055,0.0
1.49,0.49358552370052966,-0.0062415476460411234,0.0
1.5,0.5443695040966513,0.00641447629947034,1.0
1.51,0.5317100605954448,-0.0443695040966513,0.0
1.52,0.5190517799964233,-0.03171006059544479,0.0
1.53,0.5063946348348108,-0.019051779996423268,0.0
1.54,0.4937385976557459,-0.006394634834810842,0.0
1.55,0.544520530386667,0.006261402344254097,1.0
1.56,0.5318610728469586,-0.044520530386667034,0.0
1.57,0.5192027785371334,-0.031861072846958605,0.0
1.58,0.5065456199922957,-0.01920277853713337,0.0
1.59,0.4938895697574673,-0.006545619992295748,0.0
1.6,0.5446694829356935,0.006110430242532716,1.0
1.61,0.5320100115464315,-0.044669482935693505,0.0
1.62,0.5193517037102522,-0.03201001154643146,0.0
1.6300000000000001,0.5066945319621421,-0.01935170371025219,0.0
1.6400000000000001,0.4940384688470074,-0.006694531962142092,0.0
1.6500000000000001,0.5448163901993959,0.005961531152992583,1.0
1.6600000000000001,0.5321569051470396,-0.04481639019939587,0.0
1.67,0.519498583966529,-0.032156905147039616,0.0
1.68,0.5068413991927339,-0.019498583966529037,0.0
1.69,0.4941853233704467,-0.006841399192733855,0.0
1.7,0.5449612802434878,0.005814676629553317,1.0
1.71,0.5323017817120396,-0.04496128024348778,0.0
1.72,0.5196434473668238,-0.03230178171203957,0.0
1.73,0.5069862497425952,-0.019643447366823774,0.0
1.74,0.4943301613840343,-0.0069862497425952075,0.0
1.75,0.5451041807490614,0.0056698386159657055,1.0
1.76,0.5324446689200969,-0.04510418074906142,0.0
1.77,0.5197863215874355,-0.0324446689200969,0.0
1.78,0.5071291112857189,-0.01978632158743554,0.0
1.79,0.49447301055951653,-0.007129111285718914,0.0
1.8,0.5452451190178449,0.005526989440483465,1.0
1.81,0.5325855940705438,-0.04524511901784489,0.0
1.82,0.5199272339253599,-0.032585594070543844,0.0
1.83,0.5072700111168228,-0.01992723392535989,0.0
1.84,0.49461389818939294,-0.007270011116822794,0.0
1.85,0.545384121977388,0.005386101810607058,1.0
1.86,0.5327245840885644,-0.04538412197738795,0.0
1.87,0.5200662113034735,-0.03272458408856438,0.0
1.8800000000000001,0.5074089761565348,-0.020066211303473525,0.0
1.8900000000000001,0.4947528511921008,-0.007408976156534797,0.0
1.9000000000000001,0.5455212161861772,0.005247148807899227,1.0
1.9100000000000001,0.5328616655303093,-0.045521216186177216,0.0
1.92,0.5202032802756491,-0.032861665530309336,0.0
1.93,0.5075460329565068,-0.020203280275649105,0.0
1.94,0.49488989611712886,-0.0075460329565067985,0.0
1.95,0.5456564278386823,0.005110103882871142,1.0
1.96,0.5329968645879422,-0.04565642783868229,0.0
1.97,0.5203384670318004,-0.032996864587942154,0.0
1.98,0.50768120770446,-0.020338467031800422,0.0
1.99,0.4950250591500625,-0.0076812077044600136,0.0
2.0,0.5457897827703323,0.0049749408499374925,1.0
2.0100000000000002,0.5331302070946148,-0.0457897827703323,0.0
2.02,0.5204717974028584,-0.03313020709461478,0.0
2.0300000000000002,0.5078145262291603,-0.020471797402858427,0.0
2.04,0.4951583661175586,-0.007814526229160346,0.0
2.05,0.5459213064624258,0.00484163388244141,1.0
2.06,0.5332617185293776,-0.04592130646242576,0.0
2.07,0.5206032968656807,-0.03326171852937765,0.0
2.08,0.5079460140053277,-0.020603296865680742,0.0
2.09,0.49528984249225444,-0.007946014005327684,0.0
2.1,0.5460510240469728,0.00471015750774556,1.0
2.11,0.5333914240220211,-0.04605102404697281,0.0
2.12,0.5207329905478926,-0.03339142402202111,0.0
2.13,0.5080756961584766,-0.02073299054789257,0.0
2.14,0.4954195133976084,-0.008075696158476586,0.0
2.15,0.5461789603114721,0.004580486602391576,1.0
2.16,0.5335193483578524,-0.04617896031147206,0.0
2.17,0.5208609032326633,-0.03351934835785242,0.0
2.18,0.5082035974696925,-0.02086090323266332,0.0
2.19,0.4955474036126758,-0.008203597469692459,0.0
2.2,0.546305139703622,0.004452596387324204,1.0
2.21,0.5336455159824066,-0.046305139703622045,0.0
2.22,0.5209870593634176,-0.033645515982406615,0.0
2.23,0.5083297423803423,-0.020987059363417604,0.0
2.24,0.4956735375768189,-0.008329742380342342,0.0
2.25,0.5464295863359688,0.004326462423181077,1.0
2.2600000000000002,0.5337699510060937,-0.04642958633596883,0.0
2.27,0.5211114830484818,-0.0337699510060937,0.0
2.2800000000000002,0.5084541549967213,-0.02111148304848176,0.0
2.29,0.4957979393943538,-0.008454154996721308,0.0
2.3000000000000003,0.5465523239904904,0.004202060605646207,1.0
2.31,0.5338926772087829,-0.04655232399049036,0.0
2.32,0.5212341980656677,-0.03389267720878286,0.0
2.33,0.5085768590946357,-0.02123419806566773,0.0
2.34,0.4959206328391327,-0.00857685909463568,0.0
2.35,0.5466733761231183,0.00407936716086732,1.0
2.36,0.534013718044324,-0.04667337612311828,0.0
2.37,0.5213552278667944,-0.03401371804432396,0.0
2.38,0.5086978781239241,-0.021355227866794446,0.0
2.39,0.49604164135906487,-0.008697878123924085,0.0
2.4,0.5467927658681976,0.0039583586409351335,1.0
2.41,0.5341330966450069,-0.04679276586819758,0.0
2.42,0.5214745955821468,-0.034133096645006855,0.0
2.43,0.5088172352129168,-0.021474595582146816,0.0
2.44,0.49616098808057596,-0.008817235212916774,0.0
2.45,0.5469105160428872,0.00383901191942404,1.0
2.46,0.5342508358259614,-0.04691051604288721,0.0
2.47,0.5215923240248753,-0.034250835825961445,0.0
2.48,0.5089349531728342,-0.02159232402487532,0.0
2.49,0.4962786958130058,-0.008934953172834215,0.0
2.5,0.5470266491514985,0.0037213041869941788,1.0
2.5100000000000002,0.5343669580894963,-0.047026649151498456,0.0
2.52,0.5217084356953343,-0.0343669580894963,0.0
2.5300000000000002,0.5090510545021254,-0.021708435695334316,0.0
2.54,0.496394787052947,-0.0090510545021254,0.0
2.5500000000000003,0.5471411873897761,0.003605212947053016,1.0
2.56,0.5344814856293789,-0.04714118738977613,0.0
2.57,0.5218229527853623,-0.034481485629378916,0.0
2.58,0.509165561390748,-0.021822952785362282,0.0
2.59,0.4965092839885243,-0.009165561390747978,0.0
2.6,0.5472541526491206,0.003490716011475714,1.0
2.61,0.5345944403350579,-0.047254152649120584,0.0
2.62,0.5219358971825034,-0.034594440335057874,0.0
2.63,0.5092784957243891,-0.02193589718250344,0.0
2.64,0.4966222085036153,-0.009278495724389102,0.0
2.65,0.547365566520752,0.0033777914963846745,1.0
2.66,0.5347058437958265,-0.04736556652075197,0.0
2.67,0.5220472904741713,-0.03470584379582653,0.0
2.68,0.5093898790886293,-0.02204729047417131,0.0
2.69,0.49673358218201435,-0.009389879088629316,0.0
2.7,0.5474754502998184,0.003266417817985645,1.0
2.71,0.5348157173049309,-0.04747545029981837,0.0
2.72,0.5221571539517561,-0.03481571730493094,0.0
2.73,0.5094997327730493,-0.022157153951756103,0.0
2.74,0.49684342631153866,-0.009499732773049274,0.0
2.75,0.5475838249894477,0.0031565736884613393,1.0
2.7600000000000002,0.5349240818636217,-0.04758382498944769,0.0
2.77,0.5222655086146766,-0.034924081863621725,0.0
2.7800000000000002,0.5096080777752812,-0.022265508614676577,0.0
2.79,0.4969517618880795,-0.009608077775281165,0.0
2.8000000000000003,0.547690711304744,0.0030482381119205093,1.0
2.81,0.5350309581851496,-0.047690711304744005,0.0
2.82,0.522372375174375,-0.03503095818514956,0.0
2.83,0.5097149348050041,-0.02237237517437496,0.0
2.84,0.49705860961959747,-0.009714934805004072,0.0
2.85,0.5477961296767299,0.002941390380402531,1.0
2.86,0.5351363666987077,-0.04779612967672986,0.0
2.87,0.5224777740582596,-0.03513636669870768,0.0
2.88,0.5098203242878853,-0.02247777405825957,0.0
2.89,0.49716398993006333,-0.009820324287885263,0.0
2.9,0.5479001002562347,0.0028360100699366675,1.0
2.91,0.5352403275533197,-0.0479001002562347,0.0
2.92,0.5225817254135919,-0.03524032755331974,0.0
2.93,0.5099242663694681,-0.022581725413591935,0.0
2.94,0.4972679229633458,-0.009924266369468082,0.0
2.95,0.5480026429177299,0.002732077036654179,1.0
2.96,0.5353428606216749,-0.04800264291772993,0.0
2.97,0.522684249111322,-0.03534286062167491,0.0
2.98,0.5100267809190064,-0.022684249111322052,0.0
2.99,0.49737042858704567,-0.01002678091900644,0.0
3.0,0.5481037772631127,0.0026295714129543346,1.0
3.0100000000000002,0.5354439855039108,-0.04810377726311266,0.0
3.02,0.5227853647498707,-0.03544398550391081,0.0
3.0300000000000002,0.5101278875332466,-0.022785364749870696,0.0
3.04,0.49747152639627734,-0.01012788753324656,0.0
3.0500000000000003,0.5482035226254363,0.0025284736037226585,1.0
3.06,0.5355437215313444,-0.04820352262543626,0.0
3.0700000000000003,0.5228850916588603,-0.03554372153134444,0.0
3.08,0.5102276055401584,-0.022885091658860324,0.0
3.09,0.4975712357174001,-0.010227605540158446,0.0
3.1,0.548301898072592,0.0024287642825999156,1.0
3.11,0.5356420877701529,-0.048301898072592,0.0
3.12,0.5229834489027951,-0.035642087770152875,0.0
3.13,0.5103259540026148,-0.022983448902795134,0.0
3.14,0.4976695756116965,-0.010325954002614823,0.0
3.15,0.5483989224109382,0.002330424388303498,1.0
3.16,0.5357391030250027,-0.04839892241093824,0.0
3.17,0.5230804552846909,-0.035739103025002716,0.0
3.18,0.5104229517220213,-0.023080455284690937,0.0
3.19,0.4977665648790029,-0.010422951722021345,0.0
3.2,0.5484946141888822,0.002233435120997107,1.0
3.21,0.5358347858426316,-0.048494614188882235,0.0
3.22,0.5231761293496555,-0.035834785842631556,0.0
3.23,0.5105186172418964,-0.023176129349655517,0.0
3.24,0.49786222206128844,-0.0105186172418964,0.0
3.25,0.5485889917004116,0.0021377779387115603,1.0
3.2600000000000002,0.5359291545153787,-0.04858899170041164,0.0
3.27,0.5232704893884199,-0.0359291545153787,0.0
3.2800000000000002,0.5106129688514022,-0.023270489388419913,0.0
3.29,0.49795656544618616,-0.010612968851402171,0.0
3.3000000000000003,0.5486820729885783,0.0020434345538138388,1.0
3.31,0.5360222270846694,-0.048682072988578295,0.0
3.3200000000000003,0.5233635534408219,-0.0360222270846694,0.0
3.33,0.5107060245888281,-0.02336355344082186,0.0
3.34,0.4980496130704761,-0.010706024588828078,0.0
3.35,0.5487738758489349,0.001950386929523873,1.0
3.36,0.5361140213444507,-0.04877387584893489,0.0
3.37,0.5234553392992413,-0.03611402134445074,0.0
3.38,0.5107978022450256,-0.023455339299241262,0.0
3.39,0.4981413827235201,-0.010797802245025578,0.0
3.4,0.5488644178329236,0.0018586172764799014,1.0
3.41,0.5362045548445804,-0.04886441783292361,0.0
3.42,0.5235458645119895,-0.036204554844580406,0.0
3.43,0.5108883193667976,-0.02354586451198948,0.0
3.44,0.49823189195065054,-0.010888319366797572,0.0
3.45,0.54895371625122,0.0017681080493494594,1.0
3.46,0.53629384489417,-0.048953716251220025,0.0
3.47,0.5236351463866517,-0.03629384489416998,0.0
3.48,0.5109775932602404,-0.02363514638665165,0.0
3.49,0.49832115805651234,-0.010977593260240393,0.0
3.5,0.5490417881770299,0.0016788419434876634,1.0
3.5100000000000002,0.5363819085648817,-0.049041788177029866,0.0
3.52,0.5237232019933835,-0.03638190856488166,0.0
3.5300000000000002,0.5110656409940403,-0.023723201993383514,0.0
3.54,0.4984091981083594,-0.011065640994040282,0.0
3.5500000000000003,0.549128650449342,0.0015908018916406252,1.0
3.56,0.5364687626941809,-0.049128650449342004,0.0
3.5700000000000003,0.5238100481681635,-0.03646876269418087,0.0
3.58,0.5111524794027252,-0.023810048168163456,0.0
3.59,0.4984960289393058,-0.011152479402725235,0.0
3.6,0.549214319676136,0.0015039710606942203,1.0
3.61,0.5365544238885438,-0.04921431967613599,0.0
3.62,0.5238957015160004,-0.0365544238885438,0.0
3.63,0.5112381250898728,-0.0238957015160004,0.0
3.64,0.4985816671515335,-0.011238125089872764,0.0
3.65,0.5492988122375468,0.0014183328484664859,1.0
3.66,0.5366389085266214,-0.04929881223754684,0.0
3.67,0.5239801784140969,-0.03663890852662144,0.0
3.68,0.5113225944312726,-0.023980178414096942,0.0
3.69,0.4986661291194551,-0.011322594431272592,0.0
3.7,0.5493821442889854,0.001333870880544874,1.0
3.71,0.5367222327623604,-0.04938214428898535,0.0
3.72,0.5240634950149703,-0.03672223276236042,0.0
3.73,0.5114059035780477,-0.024063495014970293,0.0
3.74,0.4987494309928343,-0.011405903578047716,0.0
3.75,0.5494643317642173,0.0012505690071656916,1.0
3.7600000000000002,0.5368044125280811,-0.04946433176421727,0.0
3.77,0.5241456672495303,-0.03680441252808109,0.0
3.7800000000000002,0.5114880684597318,-0.024145667249530267,0.0
3.79,0.4988315886998631,-0.011488068459731826,0.0
3.8000000000000003,0.5495453903783991,0.0011684113001368956,1.0
3.81,0.5368854635375138,-0.04954539037839911,0.0
3.8200000000000003,0.524226710830115,-0.03688546353751376,0.0
3.83,0.5115691047873048,-0.02422671083011496,0.0
3.84,0.4989126179501973,-0.011569104787304774,0.0
3.85,0.5496253356310733,0.0010873820498026876,1.0
3.86,0.5369654012887931,-0.0496253356310733,0.0
3.87,0.5243066412534849,-0.03696540128879311,0.0
3.88,0.511649028056187,-0.024306641253484917,0.0
3.89,0.49899253423795065,-0.01164902805618695,0.0
3.9,0.549704182809122,0.0010074657620493532,1.0
3.91,0.5370442410674124,-0.04970418280912203,0.0
3.92,0.5243854738037778,-0.03704424106741244,0.0
3.93,0.5117278535491929,-0.024385473803777757,0.0
3.94,0.499071352844648,-0.011727853549192924,0.0
3.95,0.5497819469896812,0.0009286471553520137,1.0
3.96,0.5371219979491366,-0.04978194698968119,0.0
3.97,0.52446322355542,-0.03712199794913662,0.0
3.98,0.5118055963394439,-0.024463223555419966,0.0
3.99,0.49914908884213766,-0.011805596339443891,0.0
4.0,0.5498586430430136,0.0008509111578623441,1.0
4.01,0.5371986868028757,-0.04985864304301357,0.0
4.0200000000000005,0.5245399053760011,-0.03719868680287575,0.0
4.03,0.5118822712932412,-0.024539905376001148,0.0
4.04,0.4992257570954649,-0.011882271293241153,0.0
4.05,0.5499342856353443,0.000774242904535094,1.0
4.0600000000000005,0.5372743222935197,-0.0499342856353443,0.0
4.07,0.5246155339291079,-0.03727432229351968,0.0
4.08,0.5119578930728996,-0.02461553392910787,0.0
4.09,0.49930137226570503,-0.011957893072899628,0.0
4.1,0.5500088892316557,0.0006986277342949654,1.0
4.11,0.5373489188847334,-0.050008889231655695,0.0
4.12,0.5246901236771189,-0.03734891888473335,0.0
4.13,0.5120324761395434,-0.02469012367711887,0.0
4.14,0.4993759488127586,-0.012032476139543391,0.0
4.15,0.5500824680984455,0.0006240511872414034,1.0
4.16,0.5374224908417142,-0.05008246809844552,0.0
4.17,0.5247636888839625,-0.03742249084171423,0.0
4.18,0.5121060347558626,-0.02476368888396252,0.0
4.19,0.49944950099810853,-0.012106034755862582,0.0
4.2,0.5501550363064467,0.000550499001891469,1.0
4.21,0.5374950522339124,-0.05015503630644669,0.0
4.22,0.5248362436178363,-0.03749505223391236,0.0
4.23,0.5121785829888326,-0.024836243617836318,0.0
4.24,0.4995220428875386,-0.012178582988832565,0.0
4.25,0.5502266077333101,0.0004779571124614024,1.0
4.26,0.5375666169377125,-0.050226607733310114,0.0
4.2700000000000005,0.5249078017538891,-0.03756661693771246,0.0
4.28,0.5122501347123964,-0.02490780175388907,0.0
4.29,0.49959358835381606,-0.012250134712396443,0.0
4.3,0.550297196066251,0.0004064116461839351,1.0
4.3100000000000005,0.5376371986390804,-0.05029719606625105,0.0
4.32,0.5249783769768668,-0.03763719863908044,0.0
4.33,0.5123207036101101,-0.02497837697686678,0.0
4.34,0.4996641510793365,-0.012320703610110062,0.0
4.3500000000000005,0.5503668148046585,0.00033584892066351735,1.0
4.36,0.5377068108361723,-0.050366814804658544,0.0
4.37,0.5250479827837219,-0.03770681083617233,0.0
4.38,0.5123903031777515,-0.02504798278372189,0.0
4.39,0.49973374455873276,-0.012390303177751472,0.0
4.4,0.5504354772626696,0.000266255441267238,1.0
4.41,0.5377754668419086,-0.050435477262669615,0.0
4.42,0.5251166324861871,-0.03777546684190858,0.0
4.43,0.5124589467258945,-0.025116632486187118,0.0
4.44,0.49980238210144873,-0.012458946725894537,0.0
4.45,0.550503196571709,0.0001976178985512722,1.0
4.46,0.5378431797865133,-0.050503196571708986,0.0
4.47,0.5251843392133145,-0.037843179786513303,0.0
4.48,0.5125266473824477,-0.025184339213314533,0.0
4.49,0.4998700768342777,-0.012526647382447686,0.0
4.5,0.5505699856829928,0.000129923165722301,1.0
4.51,0.5379099626200178,-0.05056998568299276,0.0
4.5200000000000005,0.5252511159139788,-0.03790996262001778,0.0
4.53,0.512593418095157,-0.025251115913978772,0.0
4.54,0.4999368417038653,-0.012593418095157016,0.0
4.55,0.5272949808020826,6.315829613467994e-05,0.6315829613467994
4.5600000000000005,0.5146370993389429,-0.02729498080208259,0.0
4.57,0.5019803437364049,-0.01463709933894286,0.0
4.58,0.48932468654300876,-0.001980343736404877,0.0
4.59,0.5401656624104002,0.010675313456991242,1.0
4.6000000000000005,0.5275066081104011,-0.040165662410400205,0.0
4.61,0.5148487075914839,-0.027506608110401065,0.0
4.62,0.5021919333921917,-0.014848707591483934,0.0
4.63,0.48953625806090206,-0.002191933392191703,0.0
4.64,0.5403744038959987,0.010463741939097937,1.0
4.65,0.5277153303414291,-0.04037440389599867,0.0
4.66,0.5150574110208299,-0.027715330341429145,0.0
4.67,0.5024006184725796,-0.015057411020829914,0.0
4.68,0.4897449252448955,-0.002400618472579552,0.0
4.69,0.5405802798892911,0.01025507475510451,1.0
4.7,0.527921187337181,-0.04058027988929114,0.0
4.71,0.5152632494657142,-0.027921187337180964,0.0
4.72,0.5026064388131075,-0.015263249465714224,0.0
4.73,0.4899507279274203,-0.0026064388131075145,0.0
4.74,0.5407833296902073,0.010049272072579718,1.0
4.75,0.5281242183942597,-0.04078332969020726,0.0
4.76,0.515466262219499,-0.028124218394259715,0.0
4.7700000000000005,0.5028094337039818,-0.015466262219498983,0.0
4.78,0.49015370539561165,-0.0028094337039817896,0.0
4.79,0.5409835920606652,0.00984629460438835,1.0
4.8,0.5283244622712975,-0.04098359206066515,0.0
4.8100000000000005,0.5156664880376141,-0.02832446227129748,0.0
4.82,0.5030096418975141,-0.015666488037614057,0.0
4.83,0.4903538963987471,-0.0030096418975140704,0.0
4.84,0.5411811052319102,0.009646103601252898,1.0
4.8500000000000005,0.5285219571962929,-0.04118110523191021,0.0
4.86,0.5158639651448945,-0.028521957196292913,0.0
4.87,0.5032071016154586,-0.01586396514489452,0.0
4.88,0.4905513391555828,-0.003207101615458563,0.0
4.89,0.5413759069117533,0.0094486608444172,1.0
4.9,0.5287167408738498,-0.0413759069117533,0.0
4.91,0.5160587312428185,-0.02871674087384979,0.0
4.92,0.5034018505562498,-0.016058731242818536,0.0
4.93,0.49074607136159115,-0.0034018505562497525,0.0
4.94,0.5415680342917127,0.009253928638408848,1.0
4.95,0.5289088504923181,-0.04156803429171274,0.0
4.96,0.5162508235166485,-0.02890885049231806,0.0
4.97,0.5035939259021428,-0.016250823516648527,0.0
4.98,0.4909381301961009,-0.0035939259021428027,0.0
4.99,0.5417575240540581,0.009061869803899114,1.0
5.0,0.5290983227308376,-0.04175752405405808,0.0
5.01,0.516440278642474,-0.029098322730837567,0.0
5.0200000000000005,0.5037833643262566,-0.016440278642473993,0.0
5.03,0.49112755232933947,-0.0037833643262565886,0.0
5.04,0.5419444123787592,0.008872447670660533,1.0
5.05,0.5292851937662866,-0.04194441237875923,0.0
5.0600000000000005,0.51662713279416,-0.029285193766286577,0.0
5.07,0.5039702019995213,-0.01662713279415995,0.0
5.08,0.4913143739293807,-0.00397020199952125,0.0
5.09,0.5421287349503413,0.00868562607061929,1.0
5.1000000000000005,0.5294694992801363,-0.04212873495034131,0.0
5.11,0.5168114216502012,-0.029469499280136313,0.0
5.12,0.5041544745975325,-0.01681142165020122,0.0
5.13,0.4914986306689984,-0.004154474597532487,0.0
5.14,0.5423105269646465,0.008501369331001596,1.0
5.15,0.5296512744652124,-0.042310526964646544,0.0
5.16,0.5169931804004831,-0.02965127446521243,0.0
5.17,0.5043362173073116,-0.016993180400483143,0.0
5.18,0.491680357732426,-0.004336217307311596,0.0
5.19,0.542489823135504,0.008319642267573979,1.0
5.2,0.5298305540323645,-0.04248982313550398,0.0
5.21,0.517172443752951,-0.029830554032364454,0.0
5.22,0.5045154648339749,-0.017172443752951017,0.0
5.23,0.49185958982202616,-0.004515464833974914,0.0
5.24,0.5426666577013102,0.008140410177973845,1.0
5.25,0.530007372217046,-0.04266665770131017,0.0
5.26,0.5173492459401895,-0.03000737221704597,0.0
5.2700000000000005,0.5046922514073123,-0.017349245940189495,0.0
5.28,0.49203636116486826,-0.004692251407312331,0.0
5.29,0.5428410644315187,0.007963638835131737,1.0
5.3,0.5301817627858036,-0.042841064431518694,0.0
5.3100000000000005,0.5175236207259117,-0.030181762785803645,0.0
5.32,0.5048666107882768,-0.017523620725911737,0.0
5.33,0.492210705519218,-0.004866610788276771,0.0
5.34,0.5430130766330431,0.0077892944807820275,1.0
5.3500000000000005,0.5303537590426801,-0.0430130766330431,0.0
5.36,0.5176956014113616,-0.030353759042680117,0.0
5.37,0.5050385762753855,-0.017695601411361617,0.0
5.38,0.4923826561809381,-0.005038576275385509,0.0
5.39,0.5431827271565726,0.0076173438190618725,1.0
5.4,0.530523393835529,-0.043182727156572565,0.0
5.41,0.5178652208416284,-0.030523393835529045,0.0
5.42,0.5052081807110346,-0.01786522084162845,0.0
5.43,0.49255224598980285,-0.005208180711034571,0.0
5.44,0.5433500484028018,0.0074477540101971496,1.0
5.45,0.5306906995622445,-0.043350048402801766,0.0
5.46,0.518032511411876,-0.03069069956224446,0.0
5.47,0.5053754564877277,-0.018032511411876007,0.0
5.48,0.492719507335726,-0.005375456487727748,0.0
5.49,0.543515072328576,0.0072804926642739964,1.0
5.5,0.530855708176906,-0.04351507232857599,0.0
5.51,0.5181975050734874,-0.03085570817690597,0.0
5.5200000000000005,0.5055404355542209,-0.018197505073487386,0.0
5.53,0.4928844721649055,-0.005540435554220902,0.0
5.54,0.5436778304529536,0.007115527835094504,1.0
5.55,0.5310184511958403,-0.04367783045295359,0.0
5.5600000000000005,0.518360233340126,-0.031018451195840346,0.0
5.57,0.5057031494215827,-0.018360233340126042,0.0
5.58,0.4930471719858833,-0.005703149421582676,0.0
5.59,0.5438383538631854,0.006952828014116674,1.0
5.6000000000000005,0.5311789597036009,-0.04383835386318535,0.0
5.61,0.5185207272937152,-0.03117895970360085,0.0
5.62,0.5058636291691734,-0.018520727293715233,0.0
5.63,0.49320763787552446,-0.005863629169173379,0.0
5.64,0.5439966732206131,0.006792362124475537,1.0
5.65,0.5313372643588652,-0.04399667322061307,0.0
5.66,0.518679017590335,-0.03133726435886519,0.0
5.67,0.506021905450542,-0.018679017590334968,0.0
5.68,0.49336590048491313,-0.006021905450542042,0.0
5.69,0.5441528187664877,0.0066340995150868665,1.0
5.7,0.5314933954002535,-0.04415281876648769,0.0
5.71,0.5188351344660403,-0.03149339540025353,0.0
5.72,0.5061780084992441,-0.01883513446604035,0.0
5.73,0.4935219900451707,-0.006178008499244103,0.0
5.74,0.5443068203277092,0.006478009954829278,1.0
5.75,0.5316473826520679,-0.04430682032770916,0.0
5.76,0.5189891077426,-0.0316473826520679,0.0
5.7700000000000005,0.5063319681345794,-0.018989107742599987,0.0
5.78,0.49367593637319296,-0.006331968134579369,0.0
5.79,0.5444587073224874,0.006324063626807042,1.0
5.8,0.5317992555299526,-0.044458707322487356,0.0
5.8100000000000005,0.5191409668331565,-0.03179925552995255,0.0
5.82,0.5064838137672527,-0.01914096683315647,0.0
5.83,0.49382776887731056,-0.006483813767252711,0.0
5.84,0.5446085087659268,0.006172231122689442,1.0
5.8500000000000005,0.5319490430464787,-0.04460850876592681,0.0
5.86,0.5192907407478106,-0.03194904304647872,0.0
5.87,0.506633574404957,-0.019290740747810564,0.0
5.88,0.4939775165628717,-0.006633574404957043,0.0
5.89,0.5447562532755349,0.006022483437128301,1.0
5.9,0.5320967738166522,-0.044756253275534896,0.0
5.91,0.5194384580991285,-0.03209677381665221,0.0
5.92,0.5067812786578814,-0.019438458099128475,0.0
5.93,0.49412520803774984,-0.006781278657881362,0.0
5.94,0.5449019690766562,0.005874791962250159,1.0
5.95,0.5322424760633474,-0.04490196907665622,0.0
5.96,0.5195841471075757,-0.0322424760633474,0.0
5.97,0.5069269547441431,-0.019584147107575722,0.0
5.98,0.4942708715177757,-0.006926954744143066,0.0
5.99,0.5450456840078319,0.005729128482224288,1.0
6.0,0.5323861776226663,-0.04504568400783193,0.0
6.01,0.5197278356068752,-0.03238617762266627,0.0
6.0200000000000005,0.5070706304951468,-0.019727835606875188,0.0
6.03,0.49441453483209585,-0.007070630495146779,0.0
6.04,0.5451874255260866,0.005585465167904147,1.0
6.05,0.5325279059492248,-0.045187425526086566,0.0
6.0600000000000005,0.5198695510492943,-0.032527905949224833,0.0
6.07,0.5072123333608705,-0.01986955104929433,0.0
6.08,0.49455622542845834,-0.00721233336087046,0.0
6.09,0.5453272207121438,0.00544377457154166,1.0
6.1000000000000005,0.5326676881213688,-0.04532722071214379,0.0
6.11,0.5200093205108592,-0.032667688121368776,0.0
6.12,0.5073520904150797,-0.02000932051085924,0.0
6.13,0.4946959703784267,-0.007352090415079671,0.0
6.140000000000001,0.54546509627557,0.005304029621573281,1.0
6.15,0.5328055508463165,-0.04546509627557005,0.0
6.16,0.5201471706964984,-0.032805550846316534,0.0
6.17,0.5074899283604706,-0.020147170696498407,0.0
6.18,0.4948337963825229,-0.007489928360470577,0.0
6.19,0.5456010785598492,0.005166203617477105,1.0
6.2,0.5329415204652336,-0.045601078559849184,0.0
6.21,0.5202831279451159,-0.032941520465233576,0.0
6.22,0.5076258735337431,-0.020283127945115886,0.0
6.23,0.4949697297752996,-0.0076258735337431105,0.0
6.24,0.545735193547387,0.005030270224700373,1.0
6.25,0.5330756229582365,-0.045735193547386976,0.0
6.26,0.5204172182345957,-0.03307562295823652,0.0
6.2700000000000005,0.507759951910605,-0.020417218234595746,0.0
6.28,0.4951037965303446,-0.0077599519106049675,0.0
6.29,0.5458674668644489,0.0048962034696554135,1.0
6.3,0.5332078839493309,-0.04586746686444887,0.0
6.3100000000000005,0.520549467186739,-0.03320788394933094,0.0
6.32,0.5078921891107083,-0.020549467186739,0.0
6.33,0.4952360222652166,-0.007892189110708325,0.0
6.34,0.5459979237860296,0.004763977734783376,1.0
6.3500000000000005,0.5333383287112803,-0.045997923786029626,0.0
6.36,0.5206799000721326,-0.033338328711280285,0.0
6.37,0.5080226104025183,-0.020679900072132607,0.0
6.38,0.4953664322463139,-0.008022610402518282,0.0
6.390000000000001,0.546126589240657,0.004633567753686119,1.0
6.4,0.5334669821704091,-0.046126589240657045,0.0
6.41,0.5208085418149523,-0.03346698217040911,0.0
6.42,0.5081512407081158,-0.020808541814952286,0.0
6.43,0.4954950513936764,-0.008151240708115792,0.0
6.44,0.5462534878151301,0.004504948606323611,1.0
6.45,0.5335938689113416,-0.04625348781513006,0.0
6.46,0.5209354169977004,-0.03359386891134164,0.0
6.47,0.5082781046079348,-0.020935416997700407,0.0
6.48,0.495621904285723,-0.008278104607934766,0.0
6.49,0.5463786437591927,0.004378095714276997,1.0
6.5,0.5337190131816745,-0.04637864375919265,0.0
6.51,0.5210605498658791,-0.03371901318167447,0.0
6.5200000000000005,0.5084032263454354,-0.02106054986587913,0.0
6.53,0.49574701516392433,-0.008403226345435444,0.0
6.54,0.546502080990144,0.004252984836075668,1.0
6.55,0.5338424388965868,-0.04650208099014397,0.0
6.5600000000000005,0.5211839643325994,-0.03384243889658678,0.0
6.57,0.5085266298317123,-0.021183964332599392,0.0
6.58,0.4958704079374106,-0.008526629831712262,0.0
6.59,0.5466238230973856,0.004129592062589393,1.0
6.6000000000000005,0.5339641696433874,-0.04662382309738555,0.0
6.61,0.5213056839831284,-0.03396416964338744,0.0
6.62,0.5086483386500421,-0.021305683983128376,0.0
6.63,0.49599210618751916,-0.008648338650042109,0.0
6.640000000000001,0.546743893346907,0.004007893812480845,1.0
6.65,0.5340842286859998,-0.046743893346906984,0.0
6.66,0.5214257320793739,-0.03408422868599981,0.0
6.67,0.5087683760603676,-0.021425732079373927,0.0
6.68,0.4961121331722779,-0.008768376060367622,0.0
6.69,0.5468623146857102,0.003887866827722075,1.0
6.7,0.5342026389693862,-0.04686231468571023,0.0
6.71,0.5215441315643086,-0.034202638969386245,0.0
6.72,0.508886765003721,-0.021544131564308566,0.0
6.73,0.49623051183082867,-0.008886765003720987,0.0
6.74,0.5469791097461737,0.003769488169171331,1.0
6.75,0.5343194231239116,-0.0469791097461737,0.0
6.76,0.5216609050663323,-0.03431942312391156,0.0
6.7700000000000005,0.5090035281065869,-0.021660905066332337,0.0
6.78,0.4963472647877896,-0.009003528106586889,0.0
6.79,0.5470943008503564,0.0036527352122103784,1.0
6.8,0.5344346034696471,-0.047094300850356374,0.0
6.8100000000000005,0.5217760749035776,-0.03443460346964711,0.0
6.82,0.509118687685207,-0.02177607490357758,0.0
6.83,0.49646241435756,-0.009118687685206961,0.0
6.84,0.547207910014245,0.00353758564244,1.0
6.8500000000000005,0.5345482020206173,-0.04720791001424496,0.0
6.86,0.521889663088154,-0.03454820202061726,0.0
6.87,0.5092322657498239,-0.021889663088153988,0.0
6.88,0.4965759825485634,-0.009232265749823942,0.0
6.890000000000001,0.5473199589519409,0.0034240174514366117,1.0
6.9,0.5346602404889863,-0.047319958951940855,0.0
6.91,0.5220016913303361,-0.034660240488986305,0.0
6.92,0.5093442840088696,-0.022001691330336137,0.0
6.93,0.4966879910674358,-0.009344284008869552,0.0
6.94,0.5474304690797919,0.0033120089325642255,1.0
6.95,0.5347707402891901,-0.04743046907979187,0.0
6.96,0.522112181042694,-0.03477074028919014,0.0
6.97,0.5094547638730945,-0.022112181042693968,0.0
6.98,0.49679846132315514,-0.009454763873094518,0.0
6.99,0.5475394615204667,0.0032015386768448617,1.0
7.0,0.53487972254201,-0.04753946152046673,0.0
7.01,0.5222211533441672,-0.034879722542009994,0.0
7.0200000000000005,0.5095637264596428,-0.022221153344167188,0.0
7.03,0.49690741443111514,-0.009563726459642763,0.0
7.04,0.5476469571069745,0.0030925855688848647,1.0
7.05,0.5349872080785916,-0.04764695710697453,0.0
7.0600000000000005,0.5223286290640836,-0.03498720807859157,0.0
7.07,0.5096711925960692,-0.022328629064083616,0.0
7.08,0.49701487121714316,-0.009671192596069189,0.0
7.09,0.547752976386629,0.0029851287828568385,1.0
7.1000000000000005,0.5350932174444097,-0.04775297638662901,0.0
7.11,0.5224346287461233,-0.03509321744440974,0.0
7.12,0.509777182824304,-0.022434628746123342,0.0
7.13,0.49712085222146374,-0.009777182824303954,0.0
7.140000000000001,0.547857539624959,0.002879147778536262,1.0
7.15,0.5351977709031777,-0.04785753962495898,0.0
7.16,0.5225391726522282,-0.03519777090317766,0.0
7.17,0.5098817174045612,-0.022539172652228157,0.0
7.18,0.49722537770260755,-0.00988171740456123,0.0
7.19,0.5479606668095653,0.0027746222973924484,1.0
7.2,0.5353008884407044,-0.047960666809565344,0.0
7.21,0.5226422807664586,-0.03530088844070445,0.0
7.22,0.5099848163191962,-0.022642280766458578,0.0
7.23,0.49732846764126776,-0.009984816319196232,0.0
7.24,0.5480623776539255,0.0026715323587322426,1.0
7.25,0.5354025897686987,-0.048062377653925514,0.0
7.26,0.5227439727987973,-0.0354025897686987,0.0
7.2700000000000005,0.5100864992765084,-0.022743972798797252,0.0
7.28,0.4974301417441034,-0.010086499276508398,0.0
7.29,0.5481626916011463,0.0025698582558966176,1.0
7.3,0.5355028943285214,-0.04816269160114628,0.0
7.3100000000000005,0.5228442681889014,-0.035502894328521384,0.0
7.32,0.5101867857144935,-0.022844268188901395,0.0
7.33,0.49753041944749077,-0.010186785714493496,0.0
7.34,0.5482616278276652,0.002469580552509232,1.0
7.3500000000000005,0.5356018212948866,-0.04826162782766519,0.0
7.36,0.5229431861098035,-0.03560182129488665,0.0
7.37,0.5102856948045439,-0.022943186109803504,0.0
7.38,0.4976293199212237,-0.010285694804543888,0.0
7.390000000000001,0.5483592052469012,0.002370680078776277,1.0
7.4,0.5356993895795127,-0.04835920524690118,0.0
7.41,0.5230407454715619,-0.035699389579512686,0.0
7.42,0.5103832454550989,-0.023040745471561874,0.0
7.43,0.4977268620721637,-0.010383245455098944,0.0
7.44,0.5484554425128557,0.0022731379278362884,1.0
7.45,0.5357956178347222,-0.04845544251285572,0.0
7.46,0.5231369649248607,-0.03579561783472218,0.0
7.47,0.5104794563152449,-0.023136964924860726,0.0
7.48,0.4978230645478396,-0.01047945631524494,0.0
7.49,0.548550358023665,0.002176935452160411,1.0
7.5,0.5358905244569941,-0.04855035802366503,0.0
7.51,0.5232318628645622,-0.035890524456994144,0.0
7.5200000000000005,0.5105743457782669,-0.023231862864562247,0.0
7.53,0.497917945739999,-0.01057434577826688,0.0
7.54,0.5486439699251036,0.0020820542600010206,1.0
7.55,0.5359841275904677,-0.04864396992510356,0.0
7.5600000000000005,0.5233254574332091,-0.03598412759046765,0.0
7.57,0.5106679319851508,-0.02332545743320913,0.0
7.58,0.4980115237881105,-0.010667931985150814,0.0
7.59,0.5487362961140395,0.0019884762118895227,1.0
7.6000000000000005,0.5360764451303967,-0.04873629611403951,0.0
7.61,0.52341776652448,-0.03607644513039665,0.0
7.62,0.5107602328280386,-0.02341776652448002,0.0
7.63,0.49810381658281827,-0.010760232828038618,0.0
7.640000000000001,0.5488273542418435,0.0018961834171817293,1.0
7.65,0.5361674947265588,-0.04882735424184348,0.0
7.66,0.5235088077865977,-0.03616749472655878,0.0
7.67,0.5108512659536366,-0.023508807786597696,0.0
7.68,0.4981948417693502,-0.010851265953636613,0.0
7.69,0.5489171617177508,0.001805158230649806,1.0
7.7,0.5362572937866167,-0.048917161717750846,0.0
7.71,0.5235985986256901,-0.036257293786616684,0.0
7.72,0.5109410487665758,-0.023598598625690137,0.0
7.73,0.49828461675087815,-0.010941048766575756,0.0
7.74,0.549005735712177,0.001715383249121849,1.0
7.75,0.5363458594794341,-0.049005735712177034,0.0
7.76,0.5236871562091066,-0.03634585947943414,0.0
7.7700000000000005,0.5110295984327279,-0.023687156209106552,0.0
7.78,0.49837315869183374,-0.011029598432727883,0.0
7.79,0.5490930931599894,0.0016268413081662603,1.0
7.8,0.5364332087383469,-0.04909309315998944,0.0
7.8100000000000005,0.5237744974686876,-0.03643320873834688,0.0
7.82,0.5111169318824755,-0.02377449746868765,0.0
7.83,0.49846048452117797,-0.011116931882475534,0.0
7.84,0.549179250763733,0.0015395154788220289,1.0
7.8500000000000005,0.536519358264388,-0.04917925076373297,0.0
7.86,0.523860639103991,-0.03651935826438801,0.0
7.87,0.5112030658139372,-0.023860639103991055,0.0
7.88,0.4985466109356264,-0.011203065813937152,0.0
7.890000000000001,0.5492642249968123,0.0014533890643735892,1.0
7.9,0.5366043245294705,-0.04926422499681227,0.0
7.91,0.5239455975854739,-0.03660432452947049,0.0
7.92,0.5112880166961494,-0.023945597585473877,0.0
7.930000000000001,0.4986315544028309,-0.011288016696149428,0.0
7.94,0.5493480321066307,0.0013684455971690879,1.0
7.95,0.5366881237795252,-0.049348032106630746,0.0
7.96,0.5240293891576296,-0.03668812377952524,0.0
7.97,0.5113718007722039,-0.024029389157629644,0.0
7.98,0.4987153311645164,-0.0113718007722039,0.0
7.99,0.549430688117686,0.0012846688354836155,1.0
8.0,0.5367707720375968,-0.04943068811768603,0.0
8.01,0.5241120298420847,-0.03677077203759682,0.0
8.02,0.5114544340623436,-0.024112029842084715,0.0
8.03,0.4987979572395771,-0.011454434062343588,0.0
8.040000000000001,0.5495122088346238,0.0012020427604229056,1.0
8.05,0.5368522851068969,-0.049512208834623817,0.0
8.06,0.5241935354406508,-0.036852285106896865,0.0
8.07,0.5115359323670144,-0.024193535440650837,0.0
8.08,0.4988794484271276,-0.011535932367014445,0.0
8.09,0.5495926098452495,0.0011205515728723858,1.0
8.1,0.5369326785738157,-0.04959260984524949,0.0
8.11,0.5242739215383371,-0.03693267857381566,0.0
8.120000000000001,0.511616311269878,-0.024273921538337073,0.0
8.13,0.49895982030951586,-0.011616311269878055,0.0
8.14,0.5496719065234993,0.0010401796904841443,1.0
8.15,0.5370119678108926,-0.04967190652349929,0.0
8.16,0.5243532035063193,-0.037011967810892554,0.0
8.17,0.5116955861407804,-0.02435320350631931,0.0
8.18,0.499039088255291,-0.011695586140780367,0.0
8.19,0.5497501140323701,0.0009609117447090254,1.0
8.2,0.5370901679797463,-0.04975011403237006,0.0
8.21,0.5244313965048709,-0.03709016797974629,0.0
8.22,0.5117737721386821,-0.024431396504870917,0.0
8.23,0.499117267422134,-0.011773772138682137,0.0
8.24,0.5498272473268097,0.0008827325778659745,1.0
8.25,0.5371672940339642,-0.049827247326809654,0.0
8.26,0.5245085154862513,-0.03716729403396424,0.0
8.27,0.5118508842145474,-0.024508515486251325,0.0
8.28,0.4991943727597462,-0.011850884214547386,0.0
8.290000000000001,0.549903321156567,0.0008056272402537923,1.0
8.3,0.5372433607219532,-0.04990332115656704,0.0
8.31,0.5245845751975572,-0.03724336072195322,0.0
8.32,0.5119269371141945,-0.02458457519755719,0.0
8.33,0.4992704190126993,-0.011926937114194458,0.0
8.34,0.5499783500690048,0.0007295809873006931,1.0
8.35,0.537318382589751,-0.04997835006900475,0.0
8.36,0.5246595901835329,-0.037318382589750954,0.0
8.370000000000001,0.5120019453811061,-0.02465959018353292,0.0
8.38,0.4993454207232461,-0.012001945381106105,0.0
8.39,0.5500523484118715,0.000654579276753886,1.0
8.4,0.5373923739837988,-0.05005234841187145,0.0
8.41,0.5247335747893438,-0.0373923739837988,0.0
8.42,0.5120759233592026,-0.024733574789343793,0.0
8.43,0.499419392234093,-0.0120759233592026,0.0
8.44,0.5501253303360376,0.0005806077659070152,1.0
8.45,0.5374653490536774,-0.05012533033603761,0.0
8.46,0.5248065431633111,-0.03746534905367738,0.0
8.47,0.5121488851955766,-0.0248065431633111,0.0
8.48,0.4994923476911345,-0.012148885195576553,0.0
8.49,0.5501973097981936,0.0005076523088655138,1.0
8.5,0.5375373217548037,-0.05019730979819359,0.0
8.51,0.5248785092596091,-0.03753732175480373,0.0
8.52,0.5122208448431899,-0.024878509259609105,0.0
8.53,0.4995643010461503,-0.01222084484318986,0.0
8.540000000000001,0.5502683005635105,0.0004356989538497058,1.0
8.55,0.537608305851093,-0.050268300563510504,0.0
8.56,0.5249494868409267,-0.03760830585109298,0.0
8.57,0.5122918160635347,-0.024949486840926682,0.0
8.58,0.4996352660594659,-0.012291816063534688,0.0
8.59,0.5503383162082653,0.000364733940534101,1.0
8.6,0.5376783149175823,-0.050338316208265343,0.0
8.61,0.5250194894810906,-0.037678314917582334,0.0
8.620000000000001,0.512361812429257,-0.025019489481090562,0.0
8.63,0.49970525630257595,-0.012361812429257046,0.0
8.64,0.5504073701224291,0.00029474369742404916,1.0
8.65,0.5377473623430195,-0.05040737012242913,0.0
8.66,0.5250885305676543,-0.03774736234301945,0.0
8.67,0.5124308473267453,-0.025088530567654255,0.0
8.68,0.4997742851607325,-0.012430847326745265,0.0
8.69,0.5504754755122209,0.00022571483926747682,1.0
8.700000000000001,0.5378154613324162,-0.05047547551222087,0.0
8.71,0.5251566233044511,-0.0378154613324162,0.0
8.72,0.5124989339586827,-0.02515662330445112,0.0
8.73,0.49984236583549785,-0.012498933958682734,0.0
8.74,0.5505426454026261,0.00015763416450215173,1.0
8.75,0.537882624909567,-0.050542645402626096,0.0
8.76,0.5252237807141126,-0.03788262490956695,0.0
8.77,0.5125660853465663,-0.025223780714112576,0.0
8.78,0.4999095113472623,-0.012566085346566336,0.0
8.790000000000001,0.5445829917670915,9.04886527376969e-05,0.9048865273769691
8.8,0.5319235284202078,-0.04458299176709146,0.0
8.81,0.519265228438737,-0.03192352842020785,0.0
8.82,0.5066080643577339,-0.019265228438737014,0.0
8.83,0.4939520087221716,-0.006608064357733867,0.0
8.84,0.5447310866536885,0.006047991277828402,1.0
8.85,0.532071609535428,-0.04473108665368852,0.0
8.86,0.5194132961039193,-0.03207160953542798,0.0
8.870000000000001,0.5067561188940999,-0.019413296103919286,0.0
8.88,0.49410005045082844,-0.006756118894099883,0.0
8.89,0.5448771480238724,0.005899949549171557,1.0
8.9,0.5322176573196643,-0.04487714802387244,0.0
8.91,0.5195593306191357,-0.032217657319664306,0.0
8.92,0.5069021404571085,-0.01955933061913573,0.0
8.93,0.494246059378328,-0.006902140457108463,0.0
8.94,0.5450212037820736,0.005753940621672005,1.0
8.950000000000001,0.5323616996749029,-0.04502120378207364,0.0
8.96,0.5197033598839886,-0.03236169967490288,0.0
8.97,0.5070461569440383,-0.019703359883988636,0.0
8.98,0.49439006339968583,-0.007046156944038318,0.0
8.99,0.5451632814503057,0.005609936600314169,1.0
9.0,0.5325037641207436,-0.04516328145030568,0.0
9.01,0.5198454114157239,-0.03250376412074363,0.0
9.02,0.5071881958698411,-0.019845411415723935,0.0
9.03,0.49453209002761905,-0.007188195869841096,0.0
9.040000000000001,0.5453034081733925,0.0054679099723809466,1.0
9.05,0.5326438777996272,-0.04530340817339251,0.0
9.06,0.5199855123544577,-0.032643877799627186,0.0
9.07,0.5073282843723673,-0.01998551235445767,0.0
9.08,0.49467216639777134,-0.007328284372367322,0.0
9.09,0.5454416107241246,0.00532783360222866,1.0
9.1,0.5327820674819909,-0.04544161072412456,0.0
9.11,0.5201236894683322,-0.03278206748199086,0.0
9.120000000000001,0.5074664492175222,-0.020123689468332207,0.0
9.13,0.49481031927386887,-0.007466449217522153,0.0
9.14,0.5455779155083452,0.0051896807261311295,1.0
9.15,0.5329183595713546,-0.045577915508345224,0.0
9.16,0.5202599691586012,-0.03291835957135458,0.0
9.17,0.5076027168043504,-0.020259969158601177,0.0
9.18,0.4949465750528047,-0.007602716804350429,0.0
9.19,0.5457123485699675,0.005053424947195295,1.0
9.200000000000001,0.5330527801093374,-0.04571234856996753,0.0
9.21,0.5203943774646462,-0.03305278010933743,0.0
9.22,0.5077371131700525,-0.02039437746464623,0.0
9.23,0.4950809597696546,-0.007737113170052545,0.0
9.24,0.5458449355959227,0.004919040230345395,1.0
9.25,0.5331853547806056,-0.04584493559592273,0.0
9.26,0.5205269400689243,-0.03318535478060558,0.0
9.27,0.507869663994932,-0.020526940068924304,0.0
9.28,0.4952134991026242,-0.007869663994932052,0.0
9.290000000000001,0.5459757019210423,0.004786500897375812,1.0
9.3,0.5333161089177543,-0.04597570192104228,0.0
9.31,0.5206576823018492,-0.03331610891775427,0.0
9.32,0.5080003946072762,-0.020657682301849167,0.0
9.33,0.49534421837792925,-0.008000394607276196,0.0
9.34,0.5461046725328719,0.004655781622070754,1.0
9.35,0.5334450675061214,-0.04610467253287187,0.0
9.36,0.5207866291466052,-0.03344506750612142,0.0
9.370000000000001,0.5081293299881701,-0.02078662914660523,0.0
9.38,0.49547314257460956,-0.008129329988170064,0.0
9.39,0.5462318720764215,0.00452685742539044,1.0
9.4,0.5335722551885373,-0.04623187207642154,0.0
9.41,0.5209138052438965,-0.03357225518853735,0.0
9.42,0.5082564947762446,-0.02091380524389652,0.0
9.43,0.4956002963292766,-0.008256494776244572,0.0
9.44,0.5463573248588502,0.004399703670723398,1.0
9.450000000000001,0.533697696270009,-0.046357324858850246,0.0
9.46,0.5210392348966306,-0.03369769627000896,0.0
9.47,0.5083819132723609,-0.02103923489663062,0.0
9.48,0.49572570394079757,-0.00838191327236093,0.0
9.49,0.5464810548540866,0.0042742960592024315,1.0
9.5,0.5338214147223402,-0.0464810548540866,0.0
9.51,0.5211629420745388,-0.03382141472234024,0.0
9.52,0.5085056094442297,-0.021162942074538837,0.0
9.53,0.49584938937491446,-0.008505609444229734,0.0
9.540000000000001,0.5466030857073869,0.004150610625085538,1.0
9.55,0.5339434341886902,-0.046603085707386915,0.0
9.56,0.5212849504187341,-0.03394343418869017,0.0
9.57,0.5086276069309691,-0.021284950418734128,0.0
9.58,0.4959713762688017,-0.00862760693096909,0.0
9.59,0.5467234407398317,0.0040286237311982775,1.0
9.6,0.5340637779880685,-0.0467234407398317,0.0
9.61,0.5214052832462062,-0.03406377798806848,0.0
9.620000000000001,0.5087479290475991,-0.021405283246206164,0.0
9.63,0.49609168793556047,-0.008747929047599134,0.0
9.64,0.5468421429527601,0.003908312064439534,1.0
9.65,0.5341824691197703,-0.046842142952760124,0.0
9.66,0.5215239635542556,-0.0341824691197703,0.0
9.67,0.5088665987894759,-0.021523963554255565,0.0
9.68,0.4962103473686522,-0.008866598789475932,0.0
9.69,0.5469592150321438,0.003789652631347784,1.0
9.700000000000001,0.5342995302677492,-0.04695921503214384,0.0
9.71,0.5216410140248674,-0.034299530267749234,0.0
9.72,0.5089836388366651,-0.0216410140248674,0.0
9.73,0.49632737724627213,-0.008983638836665087,0.0
9.74,0.547074679352903,0.003672622753727872,1.0
9.75,0.5344149838049332,-0.04707467935290299,0.0
9.76,0.5217564570290258,-0.03441498380493324,0.0
9.77,0.5090990715582556,-0.021756457029025844,0.0
9.78,0.4964427999356626,-0.009099071558255623,0.0
9.790000000000001,0.547188557983161,0.003557200064337407,1.0
9.8,0.5345288517974791,-0.04718855798316102,0.0
9.81,0.521870314630969,-0.03452885179747911,0.0
9.82,0.5092129190166147,-0.021870314630969,0.0
9.83,0.49655663749736767,-0.009212919016614696,0.0
9.84,0.547300872688443,0.00344336250263233,1.0
9.85,0.5346411560089708,-0.04730087268844296,0.0
9.86,0.5219826085923868,-0.034641156008970775,0.0
9.870000000000001,0.5093252029715855,-0.021982608592386765,0.0
9.88,0.4966689116894309,-0.009325202971585456,0.0
9.89,0.5474116449358168,0.003331088310569108,1.0
9.9,0.5347519179045598,-0.047411644935816843,0.0
9.91,0.5220933603765607,-0.03475191790455978,0.0
9.92,0.5094359448846261,-0.022093360376560733,0.0
9.93,0.49677964397153357,-0.009435944884626069,0.0
9.94,0.5475208958979771,0.003220356028466431,1.0
9.950000000000001,0.5348611586550489,-0.047520895897977145,0.0
9.96,0.5222025911524482,-0.03486115865504891,0.0
9.97,0.509545165922894,-0.02220259115244816,0.0
9.98,0.4968888555090793,-0.009545165922894006,0.0
9.99,0.5476286464572744,0.003111144490920703,1.0
